0,1,2,3
南京-常州,8678.200400000002,6882.5694,route_1
苏州-徐州,4550.579600000001,14185.487200000001,route_1
南通-苏州,9727.608400000001,3266.954,route_1
杭州-温州,7883.3668,7443.9534,route_1
长沙-长沙,27386.1578,27386.1578,route_1
石家庄-西安,14139.19,5150.9894,route_1
石家庄-太原,9410.0092,2845.9736000000003,route_1
北京-西安,5539.856400000001,18352.3568,route_1
哈尔滨-长春,8557.923200000001,9146.120200000001,route_1
苏州-广州,9039.2504,4529.588,route_1
徐州-北京,16120.386400000001,1549.989,route_1
徐州-贵阳,12192.165,409.3876,route_1
徐州-海口,6890.384000000001,115.5866,route_1
常州-哈尔滨,7379.518400000001,855.5496,route_1
南通-武汉,6610.1320000000005,3094.1890000000003,route_1
合肥-北京,9959.855000000001,2033.0568000000003,route_1
合肥-福州,8711.295600000001,3029.3274,route_1
蚌埠-沈阳,8449.137,993.836,route_1
蚌埠-西安,9268.9014,2302.844,route_1
济南-郑州,12311.383600000001,23854.618000000002,route_1
杭州-天津,6536.9052,2440.9296,route_1
杭州-广州,17047.399,5874.852200000001,route_1
杭州-南宁,6478.1574,4105.0524000000005,route_1
台州-成都,7665.001400000001,1440.3228000000001,route_1
金华-长春,11332.108,482.93640000000005,route_1
金华-洛阳,6547.6578,1516.507,route_1
金华-广州,35102.122,2415.7406,route_1
金华-西安,19740.0724,4052.1630000000005,route_1
金华-兰州,7502.8104,203.41080000000002,route_1
温州-广州,10856.4356,2937.3604,route_1
南昌-西安,9429.0224,9426.2334,route_1
泉州-济南,7047.8696,2444.817,route_1
泉州-武汉,7073.9858,5596.038200000001,route_1
重庆-广州,14085.6686,6559.3598,route_1
重庆-呼和浩特,6834.8518,553.525,route_1
重庆-南昌,5051.718600000001,6634.9416,route_1
重庆-昆明,11466.787400000001,2648.4211999999998,route_1
重庆-西安,8671.6008,9946.601200000001,route_1
长沙-天津,8639.7104,2876.1706000000004,route_1
长沙-常州,3695.6102,7275.3784000000005,route_1
武汉-呼和浩特,7094.583200000001,779.5662000000001,route_1
武汉-北京,19285.226,4071.6398000000004,route_1
武汉-杭州,11472.127600000002,9925.914,route_1
郑州-合肥,9737.679000000002,12816.494200000001,route_1
郑州-杭州,11192.0144,10770.4186,route_1
郑州-广州,31218.200000000004,7170.450000000001,route_1
郑州-西安,22821.047400000003,7826.840800000001,route_1
郑州-洛阳,7261.0262,5512.108800000001,route_1
成都-南宁,4839.7594,8843.230400000002,route_1
北京-武汉,4071.6398000000004,19285.226,route_1
徐州-深圳,11365.8852,1619.9974000000002,route_1
济南-太原,8444.7934,3250.2292,route_1
济南-长春,8199.476200000001,3197.077,route_1
济南-上海,14167.4086,9093.9646,route_1
济南-杭州,6451.4018,12079.642200000002,route_1
济南-南昌,5398.756,9535.334200000001,route_1
济南-重庆,6584.0926,6385.3354,route_1
杭州-上海,19936.754,8597.804,route_1
杭州-深圳,6613.4142,2642.0594,route_1
金华-深圳,12804.536800000002,1125.8078,route_1
金华-东莞,10703.45,1119.5552,route_1
南昌-深圳,8641.7508,2094.3854,route_1
广州-上海,9347.5822,14960.4544,route_1
广州-郑州,7170.450000000001,31218.200000000004,route_1
中山-武汉,3601.9970000000003,9019.2258,route_1
成都-哈尔滨,6556.9104,3163.9198000000006,route_1
西安-天津,8350.6944,5001.063000000001,route_1
西安-汕头,6688.674000000001,2377.1266000000005,route_1
西安-深圳,14810.4984,2720.4774,route_1
南宁-重庆,5617.6720000000005,7826.709400000001,route_1
西安-乌鲁木齐,8170.5784,1777.7384000000002,route_1
义乌-温州,12270.8754,992.1278,route_1
上海-合肥,4827.8566,19089.875,route_1
上海-济南,9093.9646,14167.4086,route_1
上海-杭州,8597.804,19936.754,route_1
上海-武汉,9847.2832,23067.733200000002,route_1
义乌-蚌埠,10755.682400000002,594.643,route_1
南京-南通,5560.786,8126.306800000001,route_1
苏州-南京,7723.5882,15504.186400000002,route_1
徐州-常州,7118.202800000001,5969.4546,route_1
徐州-无锡,6593.622800000001,3305.9002,route_1
杭州-台州,4749.1508,7774.4048,route_1
泉州-福州,13646.7484,3671.9286,route_1
郑州-漯河,9378.885000000002,6052.3948,route_1
广州-广州,33958.764,33958.764,route_1
石家庄-长春,8566.826000000001,2439.7470000000003,route_1
石家庄-哈尔滨,11163.872599999999,3123.9224000000004,route_1
石家庄-济南,13910.8456,10198.919600000001,route_1
天津-哈尔滨,6851.0362000000005,5853.126800000001,route_1
南京-沈阳,8129.676,1996.6840000000002,route_1
南京-天津,6867.366800000001,2486.1904,route_1
苏州-郑州,4853.129800000001,9145.733400000001,route_1
徐州-天津,12392.6776,1873.1292000000003,route_1
徐州-哈尔滨,10669.606200000002,1183.4276000000002,route_1
徐州-沈阳,13792.083200000001,1714.8552,route_1
常州-西安,8921.090400000001,3695.9970000000003,route_1
南通-广州,13680.9642,1488.219,route_1
合肥-太原,8220.5298,1130.6002,route_1
合肥-济南,14095.513400000002,5435.9246,route_1
合肥-郑州,12816.494200000001,9737.679000000002,route_1
安庆-济南,6792.9676,1621.304,route_1
安庆-成都,7570.3,1084.4196,route_1
蚌埠-武汉,7763.841,4624.6392000000005,route_1
济南-青岛,11957.783599999999,4256.8332,route_1
杭州-沈阳,8058.2268,2320.8134,route_1
杭州-徐州,5263.2734,11088.2686,route_1
杭州-武汉,9925.914,11472.127600000002,route_1
杭州-西安,9772.5638,11586.1226,route_1
台州-济南,8609.0396,1807.3478,route_1
金华-沈阳,17083.4202,1092.5812,route_1
金华-北京,22843.9378,1004.9504000000002,route_1
金华-徐州,11511.2422,4213.5434000000005,route_1
金华-合肥,15221.1352,3173.7970000000005,route_1
金华-南昌,14195.989000000001,3105.3108,route_1
金华-漯河,8569.669600000001,1166.3234000000002,route_1
南昌-郑州,8464.2008,12938.7054,route_1
南昌-南宁,7049.662000000001,4803.3718,route_1
南昌-武汉,11093.276600000001,14079.368800000002,route_1
福州-南昌,4515.6374,6919.3364,route_1
泉州-北京,7048.920800000001,1200.1376000000002,route_1
泉州-成都,9280.3878,1900.4974000000002,route_1
重庆-北京,9590.5666,3097.8062,route_1
重庆-济南,6385.3354,6584.0926,route_1
重庆-武汉,8541.3446,13451.962800000001,route_1
重庆-南宁,7826.709400000001,5617.6720000000005,route_1
长沙-徐州,4980.4804,15595.481600000003,route_1
衡阳-广州,11113.256800000001,3723.9676,route_1
武汉-广州,35014.1174,11394.458200000001,route_1
武汉-常州,4486.028,9375.3446,route_1
武汉-长沙,23212.9292,16983.9736,route_1
武汉-郑州,15858.0964,19091.228800000004,route_1
武汉-贵阳,11890.728000000001,1248.0958,route_1
郑州-天津,15073.599000000002,5224.2754,route_1
郑州-济南,23854.618000000002,12311.383600000001,route_1
郑州-中山,8300.0536,2614.6764000000003,route_1
郑州-北京,27269.574600000004,4681.6094,route_1
洛阳-济南,6676.8554,3507.0698,route_1
洛阳-广州,9278.1068,2274.3006000000005,route_1
漯河-广州,6636.6424,2756.3172000000004,route_1
郑州-沈阳,18461.6584,3072.818,route_1
郑州-长春,14004.7068,1987.6646000000003,route_1
郑州-长沙,17664.393000000004,12375.8436,route_1
郑州-兰州,8055.5248,635.6916,route_1
广州-昆明,7842.259,6084.5008,route_1
广州-乌鲁木齐,12873.997400000002,1738.3980000000001,route_1
贵阳-广州,3236.8116,8337.1056,route_1
成都-合肥,3394.3046,15556.8898,route_1
昆明-成都,5378.4834,8309.058200000001,route_1
北京-上海,4986.9884,12136.184000000001,route_1
北京-天津,5342.760200000001,13572.4038,route_1
北京-长沙,3910.5296000000003,15144.063600000001,route_1
北京-郑州,4681.6094,27269.574600000004,route_1
南京-上海,21706.1208,6817.1674,route_1
南通-上海,17369.9896,2522.6400000000003,route_1
合肥-深圳,8314.4058,1283.038,route_1
蚌埠-上海,9541.6488,2175.3546,route_1
济南-合肥,5435.9246,14095.513400000002,route_1
济南-兰州,8137.1112,680.821,route_1
金华-重庆,10739.9616,2014.175,route_1
重庆-上海,8952.0462,5618.081,route_1
郑州-苏州,9145.733400000001,4853.129800000001,route_1
广州-苏州,4529.588,9039.2504,route_1
广州-衡阳,3723.9676,11113.256800000001,route_1
广州-东莞,9680.1286,17138.511,route_1
成都-南京,3671.2642,12312.960400000002,route_1
南宁-北京,7721.2480000000005,2439.7470000000003,route_1
义乌-嘉兴,7718.719000000001,631.6182,route_1
上海-北京,12136.184000000001,4986.9884,route_1
上海-成都,10363.508200000002,11374.627,route_1
义乌-太原,14043.226400000001,178.083,route_1
义乌-侯马,8059.6898,107.36300000000001,route_1
义乌-常州,9544.423,825.8162,route_1
义乌-郑州,32957.4752,1484.5324,route_1
义乌-洛阳,9986.705,467.74120000000005,route_1
义乌-成都,21590.177000000003,717.2012,route_1
义乌-西安,20133.8632,1285.6586,route_1
上海-温州,3563.8392,8514.6926,route_1
上海-重庆,5618.081,8952.0462,route_1
义乌-苏州,18198.755800000003,802.7916,route_1
义乌-南通,6699.161,895.1528000000001,route_1
义乌-临沂,7873.9088,135.3882,route_1
义乌-泉州,9181.084600000002,652.533,route_1
深圳-上海,3666.9502,7635.679800000001,route_1
保定-北京,7481.161800000001,1214.1502000000003,route_1
无锡-苏州,6751.725600000001,4594.3256,route_1
常州-徐州,5969.4546,7118.202800000001,route_1
金华-温州,11995.500000000002,3385.052,route_1
成都-南充,14297.704600000001,4422.8672,route_1
石家庄-沈阳,12430.3246,4363.8094,route_1
石家庄-徐州,4192.8914,12617.5362,route_1
石家庄-成都,12562.884,4235.7102,route_1
天津-郑州,5224.2754,15073.599000000002,route_1
长春-哈尔滨,9146.120200000001,8557.923200000001,route_1
哈尔滨-沈阳,9958.511400000001,10201.036800000002,route_1
南京-武汉,10530.6776,8233.2756,route_1
苏州-长沙,5202.8498,7367.0752,route_1
徐州-青岛,8578.327200000002,987.3206000000001,route_1
徐州-南昌,10901.5678,3826.5928000000004,route_1
徐州-长沙,15595.481600000003,4980.4804,route_1
常州-武汉,9375.3446,4486.028,route_1
安庆-广州,12630.7132,1338.5554000000002,route_1
安庆-西安,7119.794400000001,2283.1738,route_1
蚌埠-合肥,5011.8674,6551.399,route_1
蚌埠-成都,9035.556400000001,1815.7648000000002,route_1
济南-广州,15708.323600000002,8165.9942,route_1
济南-成都,13057.004200000001,6661.0504,route_1
济南-呼和浩特,8332.6306,1310.7236,route_1
杭州-北京,9775.6554,2402.8412000000003,route_1
杭州-济南,12079.642200000002,6451.4018,route_1
杭州-郑州,10770.4186,11192.0144,route_1
杭州-成都,10419.8408,5086.3906,route_1
台州-郑州,7053.3162,3279.7072000000003,route_1
台州-广州,14458.5242,1736.1022,route_1
金华-贵阳,13511.744200000001,615.4958000000001,route_1
福州-厦门,5447.696000000001,10031.5346,route_1
福州-杭州,4536.8844,6796.9614,route_1
泉州-中山,8774.2954,1512.1634,route_1
厦门-广州,17708.1862,7795.4214,route_1
长沙-南京,5969.710000000001,8178.422600000001,route_1
长沙-南宁,14584.348000000002,8416.3444,route_1
武汉-哈尔滨,11074.7816,2508.558,route_1
武汉-福州,12180.4482,6030.104,route_1
武汉-兰州,6901.962,675.1634,route_1
武汉-太原,10086.0776,2727.5582,route_1
郑州-贵阳,13948.1308,996.8582000000001,route_1
郑州-徐州,7249.973800000001,16177.163200000003,route_1
广州-中山,12569.268000000002,20937.9318,route_1
广州-哈尔滨,6526.334000000001,5257.4326,route_1
中山-西安,3324.6432000000004,9579.251400000001,route_1
北京-哈尔滨,5226.385200000001,9402.5518,route_1
北京-广州,5127.902800000001,11533.401600000001,route_1
沈阳-上海,3793.9686,8063.555,route_1
哈尔滨-济南,4847.6508,11581.089600000001,route_1
无锡-上海,8115.8716,3555.3528,route_1
苏州-上海,16668.561,7418.3878,route_1
徐州-上海,19727.8402,3335.1006000000007,route_1
合肥-重庆,8066.391200000001,3689.9452000000006,route_1
济南-贵阳,8608.075400000002,1143.8244000000002,route_1
金华-无锡,7528.7952000000005,1461.7086000000002,route_1
福州-长沙,6260.419400000001,9562.494200000001,route_1
厦门-福州,10031.5346,5447.696000000001,route_1
厦门-西安,4133.2784,7437.780400000001,route_1
泉州-深圳,11645.8596,1488.0950000000003,route_1
长沙-上海,13173.897400000002,6337.191200000001,route_1
武汉-上海,23067.733200000002,9847.2832,route_1
广州-合肥,4050.2688,20932.7526,route_1
广州-重庆,6559.3598,14085.6686,route_1
成都-重庆,14885.368600000002,15995.835000000001,route_1
成都-武汉,7667.8404,23808.948200000003,route_1
成都-西安,9218.355,19427.1074,route_1
成都-上海,11374.627,10363.508200000002,route_1
西安-杭州,11586.1226,9772.5638,route_1
西安-厦门,7437.780400000001,4133.2784,route_1
西安-泉州,5117.438,7065.2366,route_1
西安-常州,3695.9970000000003,8921.090400000001,route_1
南宁-南宁,16277.386200000003,16277.386200000003,route_1
柳州-南宁,5957.8544,8890.9258,route_1
太原-西安,3654.222,10940.9628,route_1
南宁-杭州,4105.0524000000005,6478.1574,route_1
南宁-深圳,8625.807,3130.5914000000002,route_1
南宁-成都,8843.230400000002,4839.7594,route_1
上海-沈阳,8063.555,3793.9686,route_1
上海-宁波,4365.116,10495.6262,route_1
上海-广州,14960.4544,9347.5822,route_1
义乌-沈阳,20280.3038,813.9754,route_1
义乌-北京,8138.633400000001,234.39620000000002,route_1
义乌-漯河,13169.9776,389.7174,route_1
义乌-信阳,14049.0154,262.15860000000004,route_1
义乌-中山,13671.533,335.44460000000004,route_1
东莞-西安,4084.4226000000003,9607.670800000002,route_1
上海-深圳,7635.679800000001,3666.9502,route_1
东莞-深圳,7033.1056,3947.7278,route_1
南京-苏州,15504.186400000002,7723.5882,route_1
无锡-南京,6469.5026,7905.6058,route_1
苏州-无锡,4594.3256,6751.725600000001,route_1
徐州-南京,12032.3688,7379.9746000000005,route_1
徐州-苏州,14185.487200000001,4550.579600000001,route_1
杭州-宁波,9596.5212,10551.877400000001,route_1
宁波-杭州,10551.877400000001,9596.5212,route_1
台州-金华,3582.8746,7219.799000000001,route_1
温州-杭州,7443.9534,7883.3668,route_1
长沙-常德,7612.6552,3751.8540000000003,route_1
广州-汕头,8250.332600000002,8820.0494,route_1
成都-成都,68742.25420000001,68742.25420000001,route_1
石家庄-武汉,9605.065,10770.585200000001,route_1
石家庄-郑州,11294.3916,16063.091400000001,route_1
石家庄-长沙,8409.0702,8850.9506,route_1
天津-西安,5001.063000000001,8350.6944,route_1
北京-济南,6005.82,22898.3744,route_1
南京-杭州,9685.7168,6744.0026,route_1
常州-石家庄,8527.0294,2749.0134,route_1
常州-天津,7115.056600000001,1369.997,route_1
常州-杭州,6598.963000000001,3782.8070000000002,route_1
徐州-金华,4213.5434000000005,11511.2422,route_1
常州-北京,6807.637200000001,1148.9564,route_1
南通-济南,6791.175200000001,1922.9344,route_1
合肥-石家庄,9396.591600000002,5289.746800000001,route_1
合肥-广州,20932.7526,4050.2688,route_1
蚌埠-广州,14269.0594,2119.505,route_1
济南-天津,10966.382200000002,11117.067400000002,route_1
杭州-贵阳,7459.039400000001,1248.0958,route_1
宁波-长沙,8144.291000000001,5394.6058,route_1
宁波-武汉,8397.1748,6457.1140000000005,route_1
台州-西安,6994.1742,2789.0034,route_1
金华-侯马,6676.862800000001,248.803,route_1
金华-石家庄,15214.952000000001,2402.385,route_1
金华-天津,13919.617,903.902,route_1
金华-福州,14123.4914,1776.6252000000002,route_1
金华-厦门,9673.828800000001,2078.7118,route_1
金华-信阳,8955.7698,789.6988,route_1
金华-海口,6824.486000000001,107.23160000000001,route_1
金华-昆明,10552.735200000001,906.2052000000001,route_1
南昌-济南,9535.334200000001,5398.756,route_1
南昌-广州,20597.8188,7821.9318,route_1
南昌-北京,8903.3912,2538.098,route_1
南昌-南昌,7564.040000000001,7564.040000000001,route_1
南昌-徐州,3826.5928000000004,10901.5678,route_1
福州-郑州,4376.5006,10200.6824,route_1
泉州-西安,7065.2366,5117.438,route_1
重庆-合肥,3689.9452000000006,8066.391200000001,route_1
重庆-长沙,8349.7746,9758.9954,route_1
长沙-北京,15144.063600000001,3910.5296000000003,route_1
长沙-福州,9562.494200000001,6260.419400000001,route_1
长沙-汕头,7577.457600000001,3203.337,route_1
长沙-蚌埠,4382.745800000001,7589.769400000001,route_1
武汉-海口,7320.361600000001,380.9682,route_1
洛阳-西安,7184.725400000001,2316.8566,route_1
郑州-哈尔滨,19113.7972,2793.7412000000004,route_1
郑州-金华,4769.2402,21382.0358,route_1
郑州-昆明,7138.004400000001,1510.123,route_1
广州-福州,12891.4958,14065.502400000001,route_1
成都-广州,13246.048000000003,14336.162200000002,route_1
昆明-广州,6084.5008,7842.259,route_1
北京-沈阳,4943.8994,6541.2044000000005,route_1
哈尔滨-广州,5257.4326,6526.334000000001,route_1
常州-上海,12074.228000000001,3529.8936,route_1
徐州-重庆,9702.087200000002,2367.5122,route_1
蚌埠-长沙,7589.769400000001,4382.745800000001,route_1
济南-徐州,4426.6306,18292.9816,route_1
金华-上海,35108.2358,2451.92,route_1
金华-苏州,16044.254,2416.7298,route_1
南昌-重庆,6634.9416,5051.718600000001,route_1
长沙-宁波,5394.6058,8144.291000000001,route_1
常德-长沙,3751.8540000000003,7612.6552,route_1
武汉-苏州,8634.0454,6517.7236,route_1
郑州-台州,3279.7072000000003,7053.3162,route_1
广州-南京,4205.59,14641.0082,route_1
广州-宁波,3269.9762,14787.2702,route_1
广州-长沙,12908.7934,37618.946200000006,route_1
成都-北京,11649.152000000002,5763.068800000001,route_1
西安-上海,18787.335000000003,7897.312800000001,route_1
西安-武汉,13953.503400000001,17666.5574,route_1
西安-郑州,7826.840800000001,22821.047400000003,route_1
南宁-武汉,6154.487,12030.127600000002,route_1
南宁-西安,4257.6762,9361.4338,route_1
南充-成都,4422.8672,14297.704600000001,route_1
义乌-杭州,23426.9334,1999.1954,route_1
义乌-宁波,14679.644400000001,1264.8752,route_1
上海-石家庄,4291.698600000001,10742.7062,route_1
上海-南京,6817.1674,21706.1208,route_1
上海-厦门,5019.8208,10224.550000000001,route_1
上海-长沙,6337.191200000001,13173.897400000002,route_1
上海-郑州,7982.439600000001,20519.2472,route_1
义乌-济南,37185.8964,843.1832,route_1
义乌-南昌,20362.076200000003,1114.0910000000001,route_1
义乌-福州,18170.467800000002,640.0352,route_1
东莞-武汉,4703.3422,9311.2492,route_1
义乌-无锡,8879.5856,450.637,route_1
义乌-济宁,6972.372,180.649,route_1
石家庄-北京,22126.6996,4644.9664,route_1
宁波-金华,3799.3634,14841.357,route_1
金华-台州,7219.799000000001,3582.8746,route_1
郑州-郑州,17487.3686,17487.3686,route_1
郑州-信阳,9695.842,3173.5962,route_1
中山-广州,20937.9318,12569.268000000002,route_1
石家庄-天津,11711.083000000002,5321.838000000001,route_1
石家庄-广州,18767.848,5343.8261999999995,route_1
北京-太原,4283.2742,7467.645200000001,route_1
沈阳-北京,6541.2044000000005,4943.8994,route_1
沈阳-长春,8479.867,8880.344400000002,route_1
沈阳-西安,4135.0708,9444.126,route_1
南京-金华,3386.4826000000003,14192.9594,route_1
南京-郑州,8061.653400000001,8069.800200000001,route_1
南京-广州,14641.0082,4205.59,route_1
苏州-武汉,6517.7236,8634.0454,route_1
苏州-成都,6906.127,4016.1150000000002,route_1
徐州-厦门,6872.7542,2516.913,route_1
徐州-广州,28026.5798,2790.2628000000004,route_1
徐州-长春,9950.3646,883.8376000000001,route_1
常州-成都,9690.7248,2030.3594000000003,route_1
南通-杭州,7720.2736,2571.5402000000004,route_1
合肥-长春,7986.133600000001,889.2324000000001,route_1
合肥-青岛,7397.8052,1159.3518,route_1
合肥-南昌,9297.9778,5533.680600000001,route_1
合肥-贵阳,8890.8934,629.5083999999999,route_1
合肥-西安,14640.289200000001,5761.484600000001,route_1
安庆-武汉,6776.257600000001,3122.3456,route_1
蚌埠-天津,6696.062000000001,1367.2996,route_1
蚌埠-贵阳,6491.074400000001,321.9576,route_1
蚌埠-哈尔滨,7043.216,799.2364,route_1
济南-石家庄,10198.919600000001,13910.8456,route_1
济南-哈尔滨,11581.089600000001,4847.6508,route_1
杭州-南昌,6824.461,7775.9372,route_1
湖州-广州,7053.787200000001,933.0478,route_1
宁波-郑州,8079.2286,6632.963200000001,route_1
宁波-广州,14787.2702,3269.9762,route_1
金华-哈尔滨,14959.965800000002,875.614,route_1
金华-常州,8277.5768,2578.8912,route_1
金华-蚌埠,8646.178600000001,1947.7366000000002,route_1
金华-青岛,11939.380200000001,671.4148,route_1
金华-郑州,21382.0358,4769.2402,route_1
南昌-贵阳,7565.0986,852.7208,route_1
泉州-汕头,7825.132600000001,1031.2674000000002,route_1
重庆-成都,15995.835000000001,14885.368600000002,route_1
长沙-南昌,13368.559000000001,9858.0108,route_1
长沙-海口,9056.9894,389.32320000000004,route_1
武汉-天津,10929.7864,3715.5358000000006,route_1
武汉-合肥,9108.2326,14139.9164,route_1
武汉-青岛,8218.343200000001,2031.3486000000003,route_1
武汉-信阳,6871.108,2609.5444,route_1
郑州-侯马,8021.0536,1071.5896000000002,route_1
郑州-石家庄,16063.091400000001,11294.3916,route_1
郑州-福州,10200.6824,4376.5006,route_1
郑州-南宁,13482.43,4492.2038,route_1
洛阳-郑州,5512.108800000001,7261.0262,route_1
洛阳-成都,6980.0626,1787.3454000000002,route_1
郑州-蚌埠,6217.392400000001,8025.999600000001,route_1
广州-济南,8165.9942,15708.323600000002,route_1
广州-南昌,7821.9318,20597.8188,route_1
广州-武汉,11394.458200000001,35014.1174,route_1
成都-贵阳,8635.885,2496.5858000000003,route_1
成都-郑州,5690.045600000001,20368.4704,route_1
北京-石家庄,4644.9664,22126.6996,route_1
长春-长春,13886.0138,13886.0138,route_1
合肥-长沙,11452.742400000001,7249.3168000000005,route_1
济南-武汉,10173.986,15333.910600000001,route_1
济南-洛阳,3507.0698,6676.8554,route_1
台州-上海,9408.6082,1938.5238000000002,route_1
金华-义乌,3472.2738,10450.829000000002,route_1
福州-西安,4628.263800000001,9712.336400000002,route_1
厦门-上海,10224.550000000001,5019.8208,route_1
厦门-武汉,6215.0818,8122.821000000001,route_1
泉州-长沙,7195.6242,4845.7492,route_1
武汉-蚌埠,4624.6392000000005,7763.841,route_1
武汉-重庆,13451.962800000001,8541.3446,route_1
武汉-深圳,14597.959,3194.9968000000003,route_1
郑州-上海,20519.2472,7982.439600000001,route_1
郑州-重庆,10672.960600000002,5379.465200000001,route_1
中山-深圳,8024.3460000000005,3020.7938000000004,route_1
成都-昆明,8309.058200000001,5378.4834,route_1
成都-南昌,4456.3566,12135.7972,route_1
西安-苏州,8367.535800000001,5881.305600000001,route_1
西安-福州,9712.336400000002,4628.263800000001,route_1
西安-重庆,9946.601200000001,8671.6008,route_1
西安-东莞,9607.670800000002,4084.4226000000003,route_1
南宁-郑州,4492.2038,13482.43,route_1
义乌-金华,10450.829000000002,3472.2738,route_1
东莞-广州,17138.511,9680.1286,route_1
义乌-哈尔滨,17395.4386,471.75260000000003,route_1
义乌-广州,51311.026600000005,808.9748,route_1
东莞-长沙,4700.7762,11397.929200000002,route_1
沈阳-沈阳,21015.915800000002,21015.915800000002,route_1
无锡-徐州,3305.9002,6593.622800000001,route_1
常州-南京,6882.5694,8678.200400000002,route_1
苏州-常州,4751.293000000001,7722.7924,route_1
苏州-南通,3266.954,9727.608400000001,route_1
济南-济南,23107.9758,23107.9758,route_1
福州-福州,7436.3498,7436.3498,route_1
泉州-厦门,9163.8814,5276.84,route_1
长沙-衡阳,11816.004,7028.068000000001,route_1
湛江-广州,6444.5468,6033.1336,route_1
石家庄-合肥,5289.746800000001,9396.591600000002,route_1
石家庄-杭州,5428.4894,6735.6476,route_1
天津-北京,13572.4038,5342.760200000001,route_1
天津-沈阳,8959.4814,5823.609,route_1
天津-济南,11117.067400000002,10966.382200000002,route_1
沈阳-天津,5823.609,8959.4814,route_1
哈尔滨-哈尔滨,32677.228800000004,32677.228800000004,route_1
南京-长沙,8178.422600000001,5969.710000000001,route_1
南京-成都,12312.960400000002,3671.2642,route_1
常州-沈阳,9158.0526,1126.3954,route_1
苏州-西安,5881.305600000001,8367.535800000001,route_1
徐州-合肥,10749.4696,5248.961,route_1
徐州-济南,18292.9816,4426.6306,route_1
徐州-杭州,11088.2686,5263.2734,route_1
徐州-郑州,16177.163200000003,7249.973800000001,route_1
徐州-太原,8462.4778,585.036,route_1
合肥-沈阳,11586.553800000002,1545.9156,route_1
合肥-南京,6969.404400000001,8277.6934,route_1
合肥-徐州,5248.961,10749.4696,route_1
蚌埠-郑州,8025.999600000001,6217.392400000001,route_1
蚌埠-长春,6882.1058,530.8946,route_1
青岛-济南,4256.8332,11957.783599999999,route_1
济南-沈阳,13582.9676,4633.9288,route_1
杭州-石家庄,6735.6476,5428.4894,route_1
杭州-合肥,6511.1832,7967.777400000001,route_1
宁波-西安,7878.9094000000005,5998.972400000001,route_1
金华-南京,14192.9594,3386.4826000000003,route_1
金华-长沙,17946.142200000002,4102.4318,route_1
金华-武汉,19911.183800000003,4260.2496,route_1
南昌-成都,12135.7972,4456.3566,route_1
南昌-杭州,7775.9372,6824.461,route_1
重庆-郑州,5379.465200000001,10672.960600000002,route_1
重庆-贵阳,8558.4488,1561.9612000000002,route_1
长沙-哈尔滨,8222.362000000001,2067.6594,route_1
长沙-沈阳,8674.7072,1760.2474000000002,route_1
长沙-杭州,9466.4464,9135.682200000001,route_1
长沙-金华,4102.4318,17946.142200000002,route_1
长沙-广州,37618.946200000006,12908.7934,route_1
长沙-中山,9246.5884,3788.3036,route_1
长沙-昆明,11368.652,2755.6528,route_1
长沙-兰州,6735.789200000001,708.9776,route_1
武汉-石家庄,10770.585200000001,9605.065,route_1
武汉-中山,9019.2258,3601.9970000000003,route_1
武汉-济南,15333.910600000001,10173.986,route_1
武汉-厦门,8122.821000000001,6215.0818,route_1
武汉-汕头,6603.291800000001,2032.0750000000003,route_1
武汉-南宁,12030.127600000002,6154.487,route_1
郑州-南京,8069.800200000001,8061.653400000001,route_1
郑州-常州,4837.657,10029.261,route_1
广州-南宁,15034.0874,22379.772200000003,route_1
广州-贵阳,8337.1056,3236.8116,route_1
成都-石家庄,4235.7102,12562.884,route_1
成都-济南,6661.0504,13057.004200000001,route_1
西安-广州,37914.195400000004,9543.758600000001,route_1
安庆-上海,8439.1358,1455.8502,route_1
济南-宁波,3676.9292000000005,9250.2278,route_1
济南-长沙,7819.033600000001,12601.622000000001,route_1
温州-上海,8514.6926,3563.8392,route_1
南昌-福州,6919.3364,4515.6374,route_1
南昌-长沙,9858.0108,13368.559000000001,route_1
泉州-上海,8670.8124,3081.2970000000005,route_1
长沙-重庆,9758.9954,8349.7746,route_1
武汉-宁波,6457.1140000000005,8397.1748,route_1
武汉-金华,4260.2496,19911.183800000003,route_1
武汉-长春,7822.3112,1279.2126,route_1
郑州-深圳,10605.3322,2397.6620000000003,route_1
洛阳-上海,6406.141,2415.1456000000003,route_1
广州-深圳,17425.0184,14758.654600000002,route_1
贵阳-贵阳,32367.119400000003,32367.119400000003,route_1
成都-苏州,4016.1150000000002,6906.127,route_1
西安-南京,7050.2348,8479.790200000001,route_1
西安-合肥,5761.484600000001,14640.289200000001,route_1
西安-宁波,5998.972400000001,7878.9094000000005,route_1
西安-中山,9579.251400000001,3324.6432000000004,route_1
西安-南宁,9361.4338,4257.6762,route_1
西安-成都,19427.1074,9218.355,route_1
南宁-广州,22379.772200000003,15034.0874,route_1
大理州-昆明,3402.4588000000003,7118.8598,route_1
义乌-上海,38777.992600000005,806.9344000000001,route_1
义乌-台州,7358.209400000001,1241.5258000000001,route_1
上海-南昌,5741.891200000001,12657.409599999999,route_1
义乌-石家庄,18221.1234,780.9496,route_1
义乌-天津,17170.3172,310.6424,route_1
义乌-南京,15629.4022,1119.4858000000002,route_1
义乌-贵阳,13966.980200000002,257.02660000000003,route_1
兰州-西安,3863.097,8723.6398,route_1
上海-无锡,3555.3528,8115.8716,route_1
义乌-潍坊,8023.1782,155.18980000000002,route_1
义乌-重庆,11302.3672,683.6498,route_1
深圳-东莞,3947.7278,7033.1056,route_1
南京-徐州,7379.9746000000005,12032.3688,route_1
常州-苏州,7722.7924,4751.293000000001,route_1
南通-南京,8126.306800000001,5560.786,route_1
杭州-金华,6923.669800000001,26133.2668,route_1
金华-杭州,26133.2668,6923.669800000001,route_1
金华-嘉兴,7768.3928,1942.0244000000002,route_1
温州-金华,3385.052,11995.500000000002,route_1
武汉-武汉,30715.9876,30715.9876,route_1
广州-湛江,6033.1336,6444.5468,route_1
石家庄-贵阳,8916.2832,784.961,route_1
天津-石家庄,5321.838000000001,11711.083000000002,route_1
沈阳-石家庄,4363.8094,12430.3246,route_1
沈阳-广州,4393.875,6652.8416,route_1
哈尔滨-天津,5853.126800000001,6851.0362000000005,route_1
南京-北京,11327.7422,2351.7914000000005,route_1
南京-合肥,8277.6934,6969.404400000001,route_1
南京-济南,9262.386,5046.9956,route_1
南京-西安,8479.790200000001,7050.2348,route_1
常州-济南,10248.9876,2802.6292,route_1
苏州-合肥,4600.246,6766.782000000001,route_1
苏州-杭州,7147.626200000001,7406.343400000001,route_1
徐州-石家庄,12617.5362,4192.8914,route_1
徐州-南宁,9885.0394,1879.8380000000002,route_1
徐州-成都,18101.4116,2332.3840000000005,route_1
徐州-兰州,6951.829200000001,209.06840000000003,route_1
合肥-哈尔滨,8787.5418,1160.7972000000002,route_1
合肥-天津,9498.4284,2121.538,route_1
合肥-蚌埠,6551.399,5011.8674,route_1
合肥-杭州,7967.777400000001,6511.1832,route_1
合肥-武汉,14139.9164,9108.2326,route_1
合肥-成都,15556.8898,3394.3046,route_1
杭州-南京,6744.0026,9685.7168,route_1
宁波-沈阳,6430.425000000001,1323.7544,route_1
宁波-济南,9250.2278,3676.9292000000005,route_1
台州-长沙,7177.126400000001,3041.5624000000003,route_1
台州-武汉,7041.6068000000005,3153.8566,route_1
金华-济南,26226.1536,2495.0784000000003,route_1
金华-成都,22099.832000000002,1939.9692000000002,route_1
福州-广州,14065.502400000001,12891.4958,route_1
重庆-哈尔滨,8219.5184,1643.8650000000002,route_1
重庆-沈阳,7405.2182,1163.3012,route_1
长沙-石家庄,8850.9506,8409.0702,route_1
长沙-合肥,7249.3168000000005,11452.742400000001,route_1
长沙-郑州,12375.8436,17664.393000000004,route_1
长沙-贵阳,16601.8154,1767.8066000000001,route_1
长沙-成都,18697.6388,6933.535000000001,route_1
武汉-南京,8233.2756,10530.6776,route_1
武汉-成都,23808.948200000003,7667.8404,route_1
武汉-昆明,10745.257400000002,2312.3196000000003,route_1
武汉-乌鲁木齐,7415.358200000001,805.551,route_1
郑州-南昌,12938.7054,8464.2008,route_1
郑州-武汉,19091.228800000004,15858.0964,route_1
郑州-呼和浩特,7964.346200000001,946.3340000000001,route_1
洛阳-北京,7733.844800000001,1784.5166000000002,route_1
郑州-成都,20368.4704,5690.045600000001,route_1
广州-西安,9543.758600000001,37914.195400000004,route_1
汕头-长沙,3203.337,7577.457600000001,route_1
广州-石家庄,5343.8261999999995,18767.848,route_1
西安-西安,29983.554200000002,29983.554200000002,route_1
天津-武汉,3715.5358000000006,10929.7864,route_1
哈尔滨-北京,9402.5518,5226.385200000001,route_1
徐州-东莞,8023.024600000001,1609.007,route_1
合肥-苏州,6766.782000000001,4600.246,route_1
济南-北京,22898.3744,6005.82,route_1
嘉兴-上海,7657.5042,2330.6758,route_1
宁波-上海,10495.6262,4365.116,route_1
南昌-昆明,6614.5524000000005,1668.4044000000001,route_1
福州-北京,8284.3948,2704.8658000000005,route_1
厦门-郑州,3542.4534000000003,6705.8550000000005,route_1
厦门-成都,6492.435600000001,2561.2540000000004,route_1
泉州-东莞,8405.168000000001,1870.7714,route_1
长沙-泉州,4845.7492,7195.6242,route_1
武汉-东莞,9311.2492,4703.3422,route_1
郑州-宁波,6632.963200000001,8079.2286,route_1
广州-泉州,5233.7658,31767.545200000004,route_1
中山-长沙,3788.3036,9246.5884,route_1
成都-长沙,6933.535000000001,18697.6388,route_1
西安-南昌,9426.2334,9429.0224,route_1
西安-太原,10940.9628,3654.222,route_1
西安-石家庄,5150.9894,14139.19,route_1
西安-兰州,8723.6398,3863.097,route_1
西安-金华,4052.1630000000005,19740.0724,route_1
太原-济南,3250.2292,8444.7934,route_1
南宁-南昌,4803.3718,7049.662000000001,route_1
上海-常州,3529.8936,12074.228000000001,route_1
义乌-青岛,16218.256200000002,211.50300000000001,route_1
义乌-厦门,12288.373800000001,675.1634,route_1
义乌-汕头,12116.3426,123.94160000000001,route_1
义乌-湛江,7380.839800000001,177.9516,route_1
义乌-南宁,14127.959,616.2842,route_1
义乌-昆明,11068.3652,279.5256,route_1
上海-苏州,7418.3878,16668.561,route_1
义乌-衡阳,8538.614800000001,440.6358,route_1
义乌-深圳,18303.0272,331.3018,route_1
南京-无锡,7905.6058,6469.5026,route_1
台州-杭州,7774.4048,4749.1508,route_1
金华-宁波,14841.357,3799.3634,route_1
福州-泉州,3671.9286,13646.7484,route_1
汕头-广州,8820.0494,8250.332600000002,route_1
昆明-大理州,7118.8598,3402.4588000000003,route_1
昆明-昆明,13594.1218,13594.1218,route_1
石家庄-石家庄,10430.092800000002,10430.092800000002,route_1
北京-成都,5763.068800000001,11649.152000000002,route_1
沈阳-哈尔滨,10201.036800000002,9958.511400000001,route_1
沈阳-济南,4633.9288,13582.9676,route_1
南京-贵阳,6446.2698,638.1262,route_1
常州-郑州,10029.261,4837.657,route_1
常州-广州,14558.980400000002,2221.079,route_1
徐州-信阳,7213.856400000001,1063.304,route_1
徐州-漯河,6440.604800000001,1688.7316,route_1
徐州-中山,7631.4676,1308.7526000000003,route_1
徐州-福州,10141.409,2081.3472,route_1
徐州-武汉,17781.0308,5668.93,route_1
徐州-西安,17881.290800000002,2873.4732000000004,route_1
徐州-昆明,8380.1798,604.1806000000001,route_1
常州-长沙,7275.3784000000005,3695.6102,route_1
合肥-南宁,8195.727600000002,2999.3858,route_1
蚌埠-济南,9449.0248,3120.8382,route_1
芜湖-广州,6664.8758,1400.6576000000002,route_1
济南-西安,15923.513200000001,8112.549600000001,route_1
杭州-哈尔滨,7239.838400000001,2683.8122000000003,route_1
杭州-常州,3782.8070000000002,6598.963000000001,route_1
杭州-福州,6796.9614,4536.8844,route_1
杭州-长沙,9135.682200000001,9466.4464,route_1
宁波-成都,8975.3706,2781.7690000000002,route_1
金华-太原,11521.769,446.55620000000005,route_1
金华-中山,9820.532200000001,941.9284,route_1
金华-汕头,8181.529,503.99,route_1
金华-南宁,13924.486200000001,1763.9886000000001,route_1
金华-乌鲁木齐,6584.300800000001,203.41080000000002,route_1
南昌-合肥,5533.680600000001,9297.9778,route_1
福州-武汉,6030.104,12180.4482,route_1
泉州-广州,31767.545200000004,5233.7658,route_1
长沙-太原,6610.665000000001,1520.8432,route_1
长沙-济南,12601.622000000001,7819.033600000001,route_1
长沙-武汉,16983.9736,23212.9292,route_1
长沙-信阳,6436.593400000001,2530.338,route_1
长沙-西安,16502.0884,12995.7228,route_1
武汉-南昌,14079.368800000002,11093.276600000001,route_1
武汉-沈阳,14388.8906,2343.1810000000005,route_1
武汉-徐州,5668.93,17781.0308,route_1
武汉-西安,17666.5574,13953.503400000001,route_1
郑州-青岛,10519.548400000001,2115.8184,route_1
郑州-厦门,6705.8550000000005,3542.4534000000003,route_1
郑州-汕头,7577.589000000001,1619.0702,route_1
郑州-太原,14460.012200000001,2164.8898,route_1
漯河-郑州,6052.3948,9378.885000000002,route_1
广州-厦门,7795.4214,17708.1862,route_1
广州-成都,14336.162200000002,13246.048000000003,route_1
广州-沈阳,6652.8416,4393.875,route_1
成都-杭州,5086.3906,10419.8408,route_1
石家庄-上海,10742.7062,4291.698600000001,route_1
长春-沈阳,8880.344400000002,8479.867,route_1
合肥-上海,19089.875,4827.8566,route_1
济南-南京,5046.9956,9262.386,route_1
杭州-苏州,7406.343400000001,7147.626200000001,route_1
金华-泉州,6807.3818,2062.0018,route_1
南昌-上海,12657.409599999999,5741.891200000001,route_1
福州-上海,7094.784,7339.1814,route_1
厦门-泉州,5276.84,9163.8814,route_1
厦门-深圳,6817.222000000001,1965.3118,route_1
长沙-苏州,7367.0752,5202.8498,route_1
长沙-深圳,15786.858200000002,4556.847,route_1
长沙-东莞,11397.929200000002,4700.7762,route_1
衡阳-长沙,7028.068000000001,11816.004,route_1
武汉-泉州,5596.038200000001,7073.9858,route_1
郑州-东莞,8600.432,3876.4054000000006,route_1
广州-北京,11533.401600000001,5127.902800000001,route_1
广州-杭州,5874.852200000001,17047.399,route_1
西安-北京,18352.3568,5539.856400000001,route_1
西安-沈阳,9444.126,4135.0708,route_1
西安-哈尔滨,8416.0196,3039.8468000000003,route_1
西安-济南,8112.549600000001,15923.513200000001,route_1
西安-长沙,12995.7228,16502.0884,route_1
西安-贵阳,7555.801600000001,1203.2292,route_1
太原-北京,7467.645200000001,4283.2742,route_1
南宁-贵阳,6770.377,1271.1204,route_1
南宁-长沙,8416.3444,14584.348000000002,route_1
南宁-柳州,8890.9258,5957.8544,route_1
深圳-广州,14758.654600000002,17425.0184,route_1
上海-徐州,3335.1006000000007,19727.8402,route_1
上海-福州,7339.1814,7094.784,route_1
上海-西安,7897.312800000001,18787.335000000003,route_1
义乌-长春,12792.363800000001,271.17060000000004,route_1
义乌-徐州,14001.057200000001,1335.0002,route_1
义乌-合肥,17221.1042,1011.9914000000001,route_1
义乌-长沙,27066.894800000002,1568.4766,route_1
义乌-武汉,28776.618000000002,1425.5218,route_1
深圳-长沙,4556.847,15786.858200000002,route_1
东莞-郑州,3876.4054000000006,8600.432,route_1
义乌-东莞,14609.712800000001,348.8002,route_1
上海-东莞,45334.3052,25559.645000000004,route_2
上海-中山,43353.2874,21394.9528,route_2
上海-乌鲁木齐,42262.246,4532.6648000000005,route_2
上海-侯马,31137.914600000004,5492.810600000001,route_2
上海-保定,36025.3694,14939.569200000002,route_2
上海-信阳,37851.705400000006,15598.588000000002,route_2
上海-兰州,45457.644400000005,4787.589,route_2
上海-内江,6965.9954,2946.3650000000002,route_2
上海-包头,13377.075,526.2262000000001,route_2
上海-南充,39156.749200000006,4868.3176,route_2
上海-南宁,53459.24340000001,30283.709600000002,route_2
上海-南昌,50736.485,44589.8182,route_2
上海-厦门,39783.5898,38169.66,route_2
上海-合肥,44971.671,40949.631,route_2
上海-呼和浩特,48175.789000000004,4561.0222,route_2
上海-哈尔滨,50551.817200000005,19805.323600000003,route_2
上海-唐山,28902.476000000002,3154.6524000000004,route_2
上海-大理州,19663.7716,3759.4826000000003,route_2
上海-大连,29583.822600000003,2458.304,route_2
上海-天津,41073.307,25830.08,route_2
上海-太原,47929.921200000004,10393.088,route_2
上海-安庆,32864.5958,46851.72,route_2
上海-宝鸡,10055.5234,9309.124600000001,route_2
上海-常德,28649.5302,8836.343,route_2
上海-廊坊,19699.5494,8112.447800000001,route_2
上海-拉萨,8204.1594,432.8758,route_2
上海-昆明,52031.656200000005,16154.5948,route_2
上海-柳州,37608.1362,4031.7044000000005,route_2
上海-汕头,42803.2954,10078.548,route_2
上海-泉州,32965.2574,37846.3884,route_2
上海-洛阳,32232.266,30168.365400000002,route_2
上海-济南,47637.8358,41010.605200000005,route_2
上海-济宁,29949.4716,13378.089200000002,route_2
上海-海口,36886.1278,2097.9258,route_2
上海-深圳,56423.2234,24019.446200000002,route_2
上海-湛江,31566.377400000005,10510.1348,route_2
上海-漯河,35150.5808,25370.577200000003,route_2
上海-潍坊,32049.770000000004,10960.717200000001,route_2
上海-烟台,33498.185,9180.398000000001,route_2
上海-石家庄,47871.5454,46084.698800000006,route_2
上海-荆州,12945.9148,7679.1778,route_2
上海-蚌埠,42325.677,44854.7806,route_2
上海-衡阳,35805.0552,21590.4972,route_2
上海-襄阳,27173.8784,13815.370600000002,route_2
上海-西宁,8886.9588,1241.7812000000001,route_2
上海-贵阳,52720.29920000001,9712.9388,route_2
上海-赣州,28558.220200000003,14123.4868,route_2
上海-郑州,36660.9518,36055.926400000004,route_2
上海-重庆,51353.758400000006,43684.3052,route_2
上海-银川,34972.128600000004,1954.0512,route_2
上海-锦州,22931.2438,1572.2252,route_2
上海-长春,51667.64600000001,12151.565200000001,route_2
上海-长沙,32979.277400000006,30640.482600000003,route_2
上海-阿克苏,10895.0274,766.6742,route_2
上海-青岛,50397.8248,14708.760600000001,route_2
上海-鹰潭,17848.4556,6015.573200000001,route_2
北京-东莞,17072.725000000002,21840.732600000003,route_2
北京-中山,16915.3014,16255.734800000002,route_2
北京-临沂,14984.1434,12362.4334,route_2
北京-义乌,3288.92,26064.046800000004,route_2
北京-乌鲁木齐,18047.416400000002,3623.2366,route_2
北京-侯马,19825.487,7254.7588000000005,route_2
北京-信阳,19327.4248,17950.1166,route_2
北京-兰州,17622.8262,3827.1110000000003,route_2
北京-南京,14610.734400000001,31955.1778,route_2
北京-南充,11359.716800000002,4102.9574,route_2
北京-南宁,18775.013,22837.249400000004,route_2
北京-南昌,16422.557200000003,36521.547600000005,route_2
北京-南通,7799.556800000001,23824.738400000002,route_2
北京-厦门,13859.463600000003,21736.737,route_2
北京-台州,7094.5905999999995,26720.7642,route_2
北京-合肥,10021.679600000001,22731.614,route_2
北京-哈尔滨,18083.7892,20779.482000000004,route_2
北京-嘉兴,7580.224400000001,16802.7166,route_2
北京-大连,12983.316600000002,3191.4268,route_2
北京-宁波,10400.1512,31293.6078,route_2
北京-安庆,6620.666200000001,26650.644800000002,route_2
北京-宝鸡,3768.3706,7032.8604000000005,route_2
北京-常州,11226.036800000002,26443.153200000004,route_2
北京-徐州,7969.4782000000005,28535.964600000003,route_2
北京-扬州,4662.866400000001,15815.2998,route_2
北京-无锡,10694.678600000001,22450.4718,route_2
北京-昆明,17962.1582,10354.4888,route_2
北京-杭州,12326.038400000001,26557.2786,route_2
北京-柳州,7245.5062,2234.4272,route_2
北京-汕头,13684.603600000002,9971.842,route_2
北京-泉州,9745.91,25277.8764,route_2
北京-洛阳,10790.463600000001,25681.3482,route_2
北京-海口,11651.346000000001,1477.5608,route_2
北京-深圳,23883.245600000002,11763.7142,route_2
北京-温州,11689.8286,27875.0386,route_2
北京-湖州,4233.8086,19078.291400000002,route_2
北京-湛江,8872.5992,7135.7632,route_2
北京-漯河,17902.6914,27162.722400000002,route_2
北京-盐城,6118.848,11522.904400000001,route_2
北京-福州,21581.128000000004,24929.5296,route_2
北京-芜湖,7197.8108,21181.9424,route_2
北京-苏州,21921.697200000002,28629.984000000004,route_2
北京-蚌埠,12504.461000000001,30980.501200000002,route_2
北京-衡阳,9415.466,16966.058800000003,route_2
北京-襄阳,6827.6322,10614.7384,route_2
北京-贵阳,14886.380000000001,5292.104600000001,route_2
北京-赣州,5883.7948,14991.6656,route_2
北京-连云港,4662.6036,13984.818200000002,route_2
北京-郑州,17558.753,28647.277000000002,route_2
北京-重庆,17662.823600000003,25152.0184,route_2
北京-金华,9799.1316,34743.1272,route_2
北京-银川,14131.554,2124.0420000000004,route_2
北京-锦州,11740.4842,3358.0558,route_2
北京-长春,17584.1354,21532.4758,route_2
北京-长沙,15664.8256,28194.220200000003,route_2
广州-临沂,6863.154600000001,5616.4422,route_2
广州-义乌,3693.7012,15860.312600000001,route_2
广州-乌鲁木齐,17927.687,2517.8328,route_2
广州-侯马,10247.991,3680.7324000000003,route_2
广州-保定,7435.692800000001,10103.806400000001,route_2
广州-信阳,13067.2608,11827.7828,route_2
广州-兰州,13638.1528,4015.8522000000003,route_2
广州-南京,18452.128200000003,38123.3674,route_2
广州-南充,11328.399200000002,5138.236200000001,route_2
广州-南昌,24557.2958,34821.7488,route_2
广州-南通,7176.7572,32211.5576,route_2
广州-台州,8486.0354,36239.69560000001,route_2
广州-合肥,17755.1848,36098.7424,route_2
广州-呼和浩特,11660.945600000001,3075.7014,route_2
广州-哈尔滨,25113.3174,12083.4732,route_2
广州-嘉兴,8016.2538,12949.259000000002,route_2
广州-天津,21828.4782,13932.3258,route_2
广州-太原,18303.6472,7561.127000000001,route_2
广州-宁波,15404.0504,37867.44380000001,route_2
广州-安庆,6196.539600000001,30654.006600000004,route_2
广州-常州,10564.6852,38388.377,route_2
广州-常德,8211.510400000001,6172.7886,route_2
广州-徐州,13988.862000000001,21679.000600000003,route_2
广州-扬州,4414.983200000001,12351.450400000002,route_2
广州-无锡,9826.430400000001,13057.289200000001,route_2
广州-昆明,25290.743400000003,13548.9998,route_2
广州-杭州,22426.4136,30083.909400000004,route_2
广州-洛阳,9134.4256,22209.005,route_2
广州-济南,25790.3352,36098.9978,route_2
广州-济宁,6228.777,7672.647600000001,route_2
广州-温州,13902.151000000002,28700.9862,route_2
广州-湖州,4497.412600000001,20145.4828,route_2
广州-漯河,11475.3654,18874.060800000003,route_2
广州-潍坊,6850.456,6099.046400000001,route_2
广州-盐城,5596.4398,8363.1126,route_2
广州-石家庄,22120.9652,43603.2388,route_2
广州-福州,20333.766,25677.0518,route_2
广州-芜湖,6275.3518,17817.433200000003,route_2
广州-苏州,20184.6752,23211.024800000003,route_2
广州-蚌埠,10147.0046,34493.298,route_2
广州-衡阳,13784.462000000001,24220.036600000003,route_2
广州-襄阳,6279.564,9281.3844,route_2
广州-贵阳,24191.012000000002,7768.626,route_2
广州-连云港,4135.0634,10274.855800000001,route_2
广州-郑州,16754.516,22213.8446,route_2
广州-重庆,19257.292400000002,32323.760200000004,route_2
广州-金华,11180.9694,14210.395800000002,route_2
广州-银川,6895.059800000001,1305.3982,route_2
广州-长春,17520.201,7287.467200000001,route_2
广州-长沙,10750.312600000001,20685.4348,route_2
广州-青岛,15676.6044,7006.503600000001,route_2
成都-东莞,8338.3974,11479.946800000002,route_2
成都-中山,7136.9458,8886.4804,route_2
成都-兰州,6544.7374,1674.9818,route_2
成都-南京,6159.8892,14712.5166,route_2
成都-南宁,4800.9446,8797.0498,route_2
成都-厦门,5691.2282000000005,10415.463,route_2
成都-天津,8624.1062,8741.401,route_2
成都-太原,6648.746000000001,3682.7728,route_2
成都-宁波,5603.666800000001,18684.8532,route_2
成都-常州,3691.3286000000003,18974.8908,route_2
成都-徐州,3982.3008000000004,7587.9844,route_2
成都-无锡,3581.531,6956.125600000001,route_2
成都-杭州,9956.409000000001,15418.057400000002,route_2
成都-汕头,5021.591,6432.4654,route_2
成都-泉州,4236.8928000000005,16960.726000000002,route_2
成都-济南,4757.724200000001,8322.8922,route_2
成都-海口,7426.7974,998.5044,route_2
成都-深圳,11394.8228,9135.9302,route_2
成都-温州,5069.812000000001,13206.665,route_2
成都-漯河,3572.3876,11993.5466,route_2
成都-石家庄,6815.513800000001,16830.839,route_2
成都-福州,9759.1814,12065.6028,route_2
成都-苏州,7276.082600000001,13525.818800000001,route_2
成都-衡阳,4773.7078,13023.8868,route_2
成都-郑州,3916.0558000000005,7865.2068,route_2
成都-金华,4091.967,8698.4804,route_2
成都-长春,9324.5974,4122.0326000000005,route_2
成都-长沙,6497.2428,8741.5472,route_2
武汉-东莞,29258.4514,14498.5614,route_2
武汉-中山,26581.749600000003,10584.687600000001,route_2
武汉-临沂,14214.7098,7381.752200000001,route_2
武汉-义乌,6726.321,21587.3482,route_2
武汉-乌鲁木齐,16728.608,2876.8276,route_2
武汉-侯马,22021.377,4048.3450000000003,route_2
武汉-保定,15580.432600000002,14071.120200000001,route_2
武汉-兰州,21246.2858,2570.3974000000003,route_2
武汉-包头,7932.317000000001,247.2262,route_2
武汉-南京,20365.463000000003,25551.935000000005,route_2
武汉-南充,20953.2038,3342.5358,route_2
武汉-南宁,24071.3992,16240.944000000001,route_2
武汉-南通,13093.315000000002,29762.5358,route_2
武汉-厦门,29204.843,24174.969200000003,route_2
武汉-台州,13860.777600000001,27711.8408,route_2
武汉-呼和浩特,27454.7356,3267.7970000000005,route_2
武汉-哈尔滨,26541.2118,9300.653000000002,route_2
武汉-唐山,12664.125800000002,1937.0784,route_2
武汉-嘉兴,15031.050400000002,13899.6812,route_2
武汉-大理州,10148.8516,2248.4398,route_2
武汉-大连,12880.235200000001,1212.0478,route_2
武汉-天津,22521.209400000003,16102.6104,route_2
武汉-太原,25154.180000000004,7727.3692,route_2
武汉-宁波,21569.1558,28105.2726,route_2
武汉-常州,15589.251200000002,31639.4876,route_2
武汉-廊坊,8802.2734,6494.366800000001,route_2
武汉-徐州,12609.984400000001,23605.088600000003,route_2
武汉-扬州,7891.330400000001,12733.670600000001,route_2
武汉-无锡,17549.9418,15126.0766,route_2
武汉-昆明,22939.547000000002,9570.184799999999,route_2
武汉-杭州,21304.756,21967.862,route_2
武汉-柳州,21747.702400000002,3235.2968,route_2
武汉-汕头,22229.131400000002,7412.683000000001,route_2
武汉-泉州,16613.1454,23185.020600000003,route_2
武汉-洛阳,19789.771200000003,21948.036400000005,route_2
武汉-济南,16998.2416,20873.347800000003,route_2
武汉-济宁,13498.5598,9485.320800000001,route_2
武汉-海口,13806.110600000002,1492.2304,route_2
武汉-淮安,5093.833200000001,6634.423400000001,route_2
武汉-深圳,22983.092200000003,10292.4606,route_2
武汉-温州,22755.5436,27128.954400000002,route_2
武汉-湖州,8007.179800000001,18180.9594,route_2
武汉-湛江,18237.8038,7745.3386,route_2
武汉-潍坊,15024.078800000001,6302.063,route_2
武汉-烟台,12582.222000000002,4882.191400000001,route_2
武汉-盐城,10579.818400000002,8542.4476,route_2
武汉-石家庄,28760.1264,28162.0744,route_2
武汉-福州,19219.3354,13941.305400000001,route_2
武汉-芜湖,15213.2836,19706.684800000003,route_2
武汉-苏州,23349.985800000002,15928.141800000001,route_2
武汉-贵阳,20301.908000000003,5859.1166,route_2
武汉-赣州,14532.718,11025.093,route_2
武汉-连云港,7584.1738000000005,9456.7376,route_2
武汉-郑州,16492.952400000002,19534.2372,route_2
武汉-重庆,19604.6398,15093.447800000002,route_2
武汉-金华,15183.349400000001,20710.621,route_2
武汉-银川,18080.4496,1124.7492000000002,route_2
武汉-锦州,11752.5952,855.0240000000001,route_2
武汉-长春,25502.3158,6131.933400000001,route_2
武汉-青岛,26023.873600000003,8256.1142,route_2
沈阳-天津,4829.2326,8374.1826,route_2
沈阳-杭州,4524.5106000000005,8829.5768,route_2
沈阳-济南,4159.2012,6713.166200000001,route_2
沈阳-苏州,3665.8694,9361.408800000001,route_2
沈阳-郑州,5543.210800000001,7809.5506000000005,route_2
沈阳-长沙,3766.9178,10358.2448,route_2
沈阳-青岛,7140.563000000001,5267.178400000001,route_2
西安-东莞,5553.212,8962.0992,route_2
西安-中山,5136.984200000001,10000.5714,route_2
西安-临沂,6992.027400000001,5923.8616,route_2
西安-保定,8528.529400000001,16425.7478,route_2
西安-信阳,4339.2626,8884.702800000001,route_2
西安-南京,4900.679,17970.257800000003,route_2
西安-南充,8742.8612,2116.2126000000003,route_2
西安-南宁,6039.0466,6629.462600000001,route_2
西安-南昌,6014.901400000001,17783.842,route_2
西安-南通,5051.5946,25313.8078,route_2
西安-厦门,3691.6608000000006,10133.1086,route_2
西安-合肥,4724.3736,22674.249600000003,route_2
西安-哈尔滨,8627.406,8465.562000000002,route_2
西安-嘉兴,5918.065200000001,9809.787,route_2
西安-天津,8090.1274,12123.269800000002,route_2
西安-太原,7612.8486,8772.0542,route_2
西安-宁波,3841.193,13759.2952,route_2
西安-安庆,4786.3444,15810.175200000001,route_2
西安-廊坊,4472.3476,6435.7504,route_2
西安-徐州,3623.1126,18896.6366,route_2
西安-无锡,7222.474200000001,11758.074200000001,route_2
西安-杭州,7047.019200000001,19099.4218,route_2
西安-柳州,8165.3918,1355.7216,route_2
西安-汕头,4002.1718,6974.613200000001,route_2
西安-泉州,7759.157800000001,24183.7184,route_2
西安-济南,4335.7,15160.0,route_2
西安-济宁,6617.111000000001,7213.130000000001,route_2
西安-深圳,8180.4482,9885.3068,route_2
西安-温州,8323.6038,15350.5854,route_2
西安-湖州,3296.4172000000003,11862.5362,route_2
西安-湛江,6905.1230000000005,3611.0710000000004,route_2
西安-漯河,3963.6892000000003,8966.1976,route_2
西安-潍坊,7706.137000000001,6489.289400000001,route_2
西安-盐城,3992.5028,6687.0028,route_2
西安-石家庄,7542.3294000000005,24731.776400000002,route_2
西安-福州,5416.6412,8911.0818,route_2
西安-芜湖,5200.7326,11983.042000000001,route_2
西安-苏州,6024.9646,13403.523400000002,route_2
西安-衡阳,8483.9256,9309.4022,route_2
西安-贵阳,6840.6556,3018.4684,route_2
西安-赣州,5057.120800000001,7491.064,route_2
西安-重庆,7224.8394,15318.9634,route_2
西安-长春,6546.9166000000005,7319.766600000001,route_2
西安-长沙,8992.715400000001,20136.2608,route_2
西安-青岛,5212.442,7035.4486,route_2
东莞-上海,25559.645000000004,45334.3052,route_2
东莞-北京,21840.732600000003,17072.725000000002,route_2
东莞-成都,11479.946800000002,8338.3974,route_2
东莞-武汉,14498.5614,29258.4514,route_2
东莞-沈阳,7693.5374,2304.2274,route_2
东莞-西安,8962.0992,5553.212,route_2
中山-上海,21394.9528,43353.2874,route_2
中山-北京,16255.734800000002,16915.3014,route_2
中山-成都,8886.4804,7136.9458,route_2
中山-武汉,10584.687600000001,26581.749600000003,route_2
中山-西安,10000.5714,5136.984200000001,route_2
临沂-北京,12362.4334,14984.1434,route_2
临沂-广州,5616.4422,6863.154600000001,route_2
临沂-武汉,7381.752200000001,14214.7098,route_2
临沂-西安,5923.8616,6992.027400000001,route_2
义乌-北京,26064.046800000004,3288.92,route_2
义乌-广州,15860.312600000001,3693.7012,route_2
义乌-成都,9124.3772,1437.4940000000001,route_2
义乌-武汉,21587.3482,6726.321,route_2
义乌-沈阳,7513.1364,850.0234,route_2
义乌-西安,14561.360400000001,2607.2412,route_2
乌鲁木齐-上海,4532.6648000000005,42262.246,route_2
乌鲁木齐-北京,3623.2366,18047.416400000002,route_2
侯马-上海,5492.810600000001,31137.914600000004,route_2
侯马-北京,7254.7588000000005,19825.487,route_2
侯马-广州,3680.7324000000003,10247.991,route_2
侯马-武汉,4048.3450000000003,22021.377,route_2
保定-上海,14939.569200000002,36025.3694,route_2
保定-广州,10103.806400000001,7435.692800000001,route_2
保定-成都,8983.5942,2307.5818000000004,route_2
保定-武汉,14071.120200000001,15580.432600000002,route_2
保定-沈阳,6583.180200000001,2702.9568000000004,route_2
保定-西安,16425.7478,8528.529400000001,route_2
信阳-上海,15598.588000000002,37851.705400000006,route_2
信阳-北京,17950.1166,19327.4248,route_2
信阳-广州,11827.7828,13067.2608,route_2
信阳-西安,8884.702800000001,4339.2626,route_2
兰州-上海,4787.589,45457.644400000005,route_2
兰州-北京,3827.1110000000003,17622.8262,route_2
兰州-广州,4015.8522000000003,13638.1528,route_2
南京-北京,31955.1778,14610.734400000001,route_2
南京-广州,38123.3674,18452.128200000003,route_2
南京-成都,14712.5166,6159.8892,route_2
南京-武汉,25551.935000000005,20365.463000000003,route_2
南京-沈阳,15227.559000000001,2953.8002000000006,route_2
南京-西安,17970.257800000003,4900.679,route_2
南充-上海,4868.3176,39156.749200000006,route_2
南充-北京,4102.9574,11359.716800000002,route_2
南充-广州,5138.236200000001,11328.399200000002,route_2
南充-武汉,3342.5358,20953.2038,route_2
南宁-上海,30283.709600000002,53459.24340000001,route_2
南宁-北京,22837.249400000004,18775.013,route_2
南宁-成都,8797.0498,4800.9446,route_2
南宁-武汉,16240.944000000001,24071.3992,route_2
南宁-沈阳,7732.5632000000005,2750.1266000000005,route_2
南宁-西安,6629.462600000001,6039.0466,route_2
南昌-上海,44589.8182,50736.485,route_2
南昌-北京,36521.547600000005,16422.557200000003,route_2
南昌-广州,34821.7488,24557.2958,route_2
南昌-沈阳,12694.8632,2445.6674000000003,route_2
南昌-西安,17783.842,6014.901400000001,route_2
南通-北京,23824.738400000002,7799.556800000001,route_2
南通-广州,32211.5576,7176.7572,route_2
南通-成都,12499.577000000001,2533.4916000000003,route_2
南通-武汉,29762.5358,13093.315000000002,route_2
南通-沈阳,8456.0938,1030.5410000000002,route_2
南通-西安,25313.8078,5051.5946,route_2
厦门-上海,38169.66,39783.5898,route_2
厦门-北京,21736.737,13859.463600000003,route_2
厦门-成都,10415.463,5691.2282000000005,route_2
厦门-武汉,24174.969200000003,29204.843,route_2
厦门-沈阳,6565.064600000001,2103.3826,route_2
厦门-西安,10133.1086,3691.6608000000006,route_2
台州-北京,26720.7642,7094.5905999999995,route_2
台州-广州,36239.69560000001,8486.0354,route_2
台州-成都,18154.025200000004,2946.1022000000003,route_2
台州-武汉,27711.8408,13860.777600000001,route_2
台州-沈阳,9810.1738,1202.9664000000002,route_2
台州-西安,11836.3358,1924.5112000000001,route_2
合肥-上海,40949.631,44971.671,route_2
合肥-北京,22731.614,10021.679600000001,route_2
合肥-广州,36098.7424,17755.1848,route_2
合肥-成都,11099.011000000002,2416.8538000000003,route_2
合肥-西安,22674.249600000003,4724.3736,route_2
呼和浩特-上海,4561.0222,48175.789000000004,route_2
呼和浩特-武汉,3267.7970000000005,27454.7356,route_2
哈尔滨-上海,19805.323600000003,50551.817200000005,route_2
哈尔滨-北京,20779.482000000004,18083.7892,route_2
哈尔滨-广州,12083.4732,25113.3174,route_2
哈尔滨-武汉,9300.653000000002,26541.2118,route_2
哈尔滨-西安,8465.562000000002,8627.406,route_2
嘉兴-北京,16802.7166,7580.224400000001,route_2
嘉兴-广州,12949.259000000002,8016.2538,route_2
嘉兴-成都,6503.477800000001,3166.4858000000004,route_2
嘉兴-武汉,13899.6812,15031.050400000002,route_2
嘉兴-西安,9809.787,5918.065200000001,route_2
大理州-上海,3759.4826000000003,19663.7716,route_2
天津-上海,25830.08,41073.307,route_2
天津-广州,13932.3258,21828.4782,route_2
天津-成都,8741.401,8624.1062,route_2
天津-武汉,16102.6104,22521.209400000003,route_2
天津-沈阳,8374.1826,4829.2326,route_2
天津-西安,12123.269800000002,8090.1274,route_2
太原-上海,10393.088,47929.921200000004,route_2
太原-广州,7561.127000000001,18303.6472,route_2
太原-成都,3682.7728,6648.746000000001,route_2
太原-武汉,7727.3692,25154.180000000004,route_2
太原-西安,8772.0542,7612.8486,route_2
宁波-北京,31293.6078,10400.1512,route_2
宁波-广州,37867.44380000001,15404.0504,route_2
宁波-成都,18684.8532,5603.666800000001,route_2
宁波-武汉,28105.2726,21569.1558,route_2
宁波-沈阳,12512.575400000002,2437.181,route_2
宁波-西安,13759.2952,3841.193,route_2
安庆-上海,46851.72,32864.5958,route_2
安庆-北京,26650.644800000002,6620.666200000001,route_2
安庆-广州,30654.006600000004,6196.539600000001,route_2
安庆-成都,17369.245600000002,2157.9182,route_2
安庆-沈阳,12051.535600000001,711.4122,route_2
安庆-西安,15810.175200000001,4786.3444,route_2
宝鸡-上海,9309.124600000001,10055.5234,route_2
宝鸡-北京,7032.8604000000005,3768.3706,route_2
宝鸡-广州,8506.7966,2163.6452000000004,route_2
常州-北京,26443.153200000004,11226.036800000002,route_2
常州-广州,38388.377,10564.6852,route_2
常州-成都,18974.8908,3691.3286000000003,route_2
常州-武汉,31639.4876,15589.251200000002,route_2
常州-沈阳,9095.5562,1572.6194,route_2
常州-西安,15682.152800000002,2880.715,route_2
常德-上海,8836.343,28649.5302,route_2
常德-广州,6172.7886,8211.510400000001,route_2
廊坊-上海,8112.447800000001,19699.5494,route_2
廊坊-武汉,6494.366800000001,8802.2734,route_2
廊坊-西安,6435.7504,4472.3476,route_2
徐州-北京,28535.964600000003,7969.4782000000005,route_2
徐州-广州,21679.000600000003,13988.862000000001,route_2
徐州-成都,7587.9844,3982.3008000000004,route_2
徐州-武汉,23605.088600000003,12609.984400000001,route_2
徐州-西安,18896.6366,3623.1126,route_2
扬州-北京,15815.2998,4662.866400000001,route_2
扬州-广州,12351.450400000002,4414.983200000001,route_2
扬州-成都,7120.320000000001,1584.5916000000002,route_2
扬州-武汉,12733.670600000001,7891.330400000001,route_2
扬州-西安,10281.0242,3172.0814000000005,route_2
无锡-北京,22450.4718,10694.678600000001,route_2
无锡-广州,13057.289200000001,9826.430400000001,route_2
无锡-成都,6956.125600000001,3581.531,route_2
无锡-武汉,15126.0766,17549.9418,route_2
无锡-沈阳,9170.101600000002,1663.2724,route_2
无锡-西安,11758.074200000001,7222.474200000001,route_2
昆明-上海,16154.5948,52031.656200000005,route_2
昆明-北京,10354.4888,17962.1582,route_2
昆明-广州,13548.9998,25290.743400000003,route_2
昆明-武汉,9570.184799999999,22939.547000000002,route_2
杭州-北京,26557.2786,12326.038400000001,route_2
杭州-广州,30083.909400000004,22426.4136,route_2
杭州-成都,15418.057400000002,9956.409000000001,route_2
杭州-武汉,21967.862,21304.756,route_2
杭州-沈阳,8829.5768,4524.5106000000005,route_2
杭州-西安,19099.4218,7047.019200000001,route_2
柳州-上海,4031.7044000000005,37608.1362,route_2
柳州-武汉,3235.2968,21747.702400000002,route_2
汕头-上海,10078.548,42803.2954,route_2
汕头-北京,9971.842,13684.603600000002,route_2
汕头-成都,6432.4654,5021.591,route_2
汕头-武汉,7412.683000000001,22229.131400000002,route_2
汕头-西安,6974.613200000001,4002.1718,route_2
泉州-上海,37846.3884,32965.2574,route_2
泉州-北京,25277.8764,9745.91,route_2
泉州-成都,16960.726000000002,4236.8928000000005,route_2
泉州-武汉,23185.020600000003,16613.1454,route_2
泉州-沈阳,9703.788,1536.2392,route_2
泉州-西安,24183.7184,7759.157800000001,route_2
洛阳-上海,30168.365400000002,32232.266,route_2
洛阳-北京,25681.3482,10790.463600000001,route_2
洛阳-广州,22209.005,9134.4256,route_2
洛阳-成都,12284.6178,3070.0438000000004,route_2
洛阳-武汉,21948.036400000005,19789.771200000003,route_2
洛阳-沈阳,11146.837800000001,1558.4754,route_2
济南-上海,41010.605200000005,47637.8358,route_2
济南-广州,36098.9978,25790.3352,route_2
济南-成都,8322.8922,4757.724200000001,route_2
济南-武汉,20873.347800000003,16998.2416,route_2
济南-沈阳,6713.166200000001,4159.2012,route_2
济南-西安,15160.0,4335.7,route_2
济宁-上海,13378.089200000002,29949.4716,route_2
济宁-广州,7672.647600000001,6228.777,route_2
济宁-武汉,9485.320800000001,13498.5598,route_2
济宁-西安,7213.130000000001,6617.111000000001,route_2
淮安-武汉,6634.423400000001,5093.833200000001,route_2
深圳-上海,24019.446200000002,56423.2234,route_2
深圳-北京,11763.7142,23883.245600000002,route_2
深圳-成都,9135.9302,11394.8228,route_2
深圳-武汉,10292.4606,22983.092200000003,route_2
深圳-西安,9885.3068,8180.4482,route_2
温州-北京,27875.0386,11689.8286,route_2
温州-广州,28700.9862,13902.151000000002,route_2
温州-成都,13206.665,5069.812000000001,route_2
温州-武汉,27128.954400000002,22755.5436,route_2
温州-沈阳,7973.6034,1849.5790000000002,route_2
温州-西安,15350.5854,8323.6038,route_2
湖州-北京,19078.291400000002,4233.8086,route_2
湖州-广州,20145.4828,4497.412600000001,route_2
湖州-成都,15838.8842,1708.7960000000003,route_2
湖州-武汉,18180.9594,8007.179800000001,route_2
湖州-沈阳,6511.9022,779.3034,route_2
湖州-西安,11862.5362,3296.4172000000003,route_2
湛江-上海,10510.1348,31566.377400000005,route_2
湛江-北京,7135.7632,8872.5992,route_2
湛江-武汉,7745.3386,18237.8038,route_2
湛江-西安,3611.0710000000004,6905.1230000000005,route_2
漯河-上海,25370.577200000003,35150.5808,route_2
漯河-北京,27162.722400000002,17902.6914,route_2
漯河-广州,18874.060800000003,11475.3654,route_2
漯河-成都,11993.5466,3572.3876,route_2
漯河-沈阳,10190.411,1874.7754000000002,route_2
漯河-西安,8966.1976,3963.6892000000003,route_2
潍坊-上海,10960.717200000001,32049.770000000004,route_2
潍坊-广州,6099.046400000001,6850.456,route_2
潍坊-武汉,6302.063,15024.078800000001,route_2
潍坊-西安,6489.289400000001,7706.137000000001,route_2
烟台-上海,9180.398000000001,33498.185,route_2
烟台-武汉,4882.191400000001,12582.222000000002,route_2
盐城-北京,11522.904400000001,6118.848,route_2
盐城-广州,8363.1126,5596.4398,route_2
盐城-武汉,8542.4476,10579.818400000002,route_2
盐城-西安,6687.0028,3992.5028,route_2
石家庄-上海,46084.698800000006,47871.5454,route_2
石家庄-广州,43603.2388,22120.9652,route_2
石家庄-成都,16830.839,6815.513800000001,route_2
石家庄-武汉,28162.0744,28760.1264,route_2
石家庄-西安,24731.776400000002,7542.3294000000005,route_2
福州-北京,24929.5296,21581.128000000004,route_2
福州-广州,25677.0518,20333.766,route_2
福州-成都,12065.6028,9759.1814,route_2
福州-武汉,13941.305400000001,19219.3354,route_2
福州-沈阳,8660.1764,2818.2806,route_2
福州-西安,8911.0818,5416.6412,route_2
芜湖-北京,21181.9424,7197.8108,route_2
芜湖-广州,17817.433200000003,6275.3518,route_2
芜湖-成都,8299.5354,2363.6322000000005,route_2
芜湖-武汉,19706.684800000003,15213.2836,route_2
芜湖-西安,11983.042000000001,5200.7326,route_2
苏州-北京,28629.984000000004,21921.697200000002,route_2
苏州-广州,23211.024800000003,20184.6752,route_2
苏州-成都,13525.818800000001,7276.082600000001,route_2
苏州-武汉,15928.141800000001,23349.985800000002,route_2
苏州-沈阳,9361.408800000001,3665.8694,route_2
苏州-西安,13403.523400000002,6024.9646,route_2
荆州-上海,7679.1778,12945.9148,route_2
荆州-广州,6850.7956,3086.0348000000004,route_2
蚌埠-上海,44854.7806,42325.677,route_2
蚌埠-北京,30980.501200000002,12504.461000000001,route_2
蚌埠-广州,34493.298,10147.0046,route_2
蚌埠-成都,10717.78,3098.7260000000006,route_2
蚌埠-西安,14342.4768,2833.0196,route_2
衡阳-上海,21590.4972,35805.0552,route_2
衡阳-北京,16966.058800000003,9415.466,route_2
衡阳-广州,24220.036600000003,13784.462000000001,route_2
衡阳-成都,13023.8868,4773.7078,route_2
衡阳-沈阳,6420.533,993.7666000000002,route_2
衡阳-西安,9309.4022,8483.9256,route_2
襄阳-上海,13815.370600000002,27173.8784,route_2
襄阳-北京,10614.7384,6827.6322,route_2
襄阳-广州,9281.3844,6279.564,route_2
贵阳-上海,9712.9388,52720.29920000001,route_2
贵阳-北京,5292.104600000001,14886.380000000001,route_2
贵阳-广州,7768.626,24191.012000000002,route_2
贵阳-武汉,5859.1166,20301.908000000003,route_2
赣州-上海,14123.4868,28558.220200000003,route_2
赣州-北京,14991.6656,5883.7948,route_2
赣州-成都,6813.2032,2502.6376,route_2
赣州-武汉,11025.093,14532.718,route_2
赣州-西安,7491.064,5057.120800000001,route_2
连云港-北京,13984.818200000002,4662.6036,route_2
连云港-广州,10274.855800000001,4135.0634,route_2
连云港-武汉,9456.7376,7584.1738000000005,route_2
郑州-上海,36055.926400000004,36660.9518,route_2
郑州-北京,28647.277000000002,17558.753,route_2
郑州-广州,22213.8446,16754.516,route_2
郑州-成都,7865.2068,3916.0558000000005,route_2
郑州-武汉,19534.2372,16492.952400000002,route_2
郑州-沈阳,7809.5506000000005,5543.210800000001,route_2
重庆-上海,43684.3052,51353.758400000006,route_2
重庆-北京,25152.0184,17662.823600000003,route_2
重庆-广州,32323.760200000004,19257.292400000002,route_2
重庆-武汉,15093.447800000002,19604.6398,route_2
重庆-沈阳,9666.1558,2880.5142000000005,route_2
重庆-西安,15318.9634,7224.8394,route_2
金华-北京,34743.1272,9799.1316,route_2
金华-广州,14210.395800000002,11180.9694,route_2
金华-成都,8698.4804,4091.967,route_2
金华-武汉,20710.621,15183.349400000001,route_2
金华-沈阳,6778.6996,1533.4104000000002,route_2
金华-西安,9343.253400000001,2753.9446000000003,route_2
锦州-北京,3358.0558,11740.4842,route_2
长春-上海,12151.565200000001,51667.64600000001,route_2
长春-北京,21532.4758,17584.1354,route_2
长春-广州,7287.467200000001,17520.201,route_2
长春-成都,4122.0326000000005,9324.5974,route_2
长春-武汉,6131.933400000001,25502.3158,route_2
长春-西安,7319.766600000001,6546.9166000000005,route_2
长沙-上海,30640.482600000003,32979.277400000006,route_2
长沙-北京,28194.220200000003,15664.8256,route_2
长沙-广州,20685.4348,10750.312600000001,route_2
长沙-成都,8741.5472,6497.2428,route_2
长沙-沈阳,10358.2448,3766.9178,route_2
长沙-西安,20136.2608,8992.715400000001,route_2
青岛-上海,14708.760600000001,50397.8248,route_2
青岛-广州,7006.503600000001,15676.6044,route_2
青岛-武汉,8256.1142,26023.873600000003,route_2
青岛-沈阳,5267.178400000001,7140.563000000001,route_2
青岛-西安,7035.4486,5212.442,route_2
鹰潭-上海,6015.573200000001,17848.4556,route_2
